
-- Database Backup --
-- Ver. : 1.0.1
-- Host : Server Host
-- Generating Time : Oct 25, 2023 at 11:36:42:AM


CREATE TABLE `bayar` (
  `id_bayar` int(10) NOT NULL AUTO_INCREMENT,
  `id_siswa` int(10) NOT NULL,
  `id_bayar_metode` int(10) NOT NULL,
  `keterangan` text NOT NULL,
  `bukti` varchar(255) NOT NULL,
  `status_verifikasi` varchar(100) NOT NULL,
  `nominal_bayar` int(20) NOT NULL,
  `tanggal_bayar` date NOT NULL,
  `dibuat_pada` datetime NOT NULL DEFAULT current_timestamp(),
  `diubah_pada` datetime NOT NULL DEFAULT current_timestamp(),
  `dihapus_pada` datetime DEFAULT NULL,
  PRIMARY KEY (`id_bayar`)
) ENGINE=InnoDB AUTO_INCREMENT=21 DEFAULT CHARSET=latin1 COLLATE=latin1_swedish_ci;

INSERT INTO bayar VALUES
("1","16","1","Via BCA","2023_10_12_05_28_12_WhatsApp Image 2023-09-19 at 09.16.41.jpg","Sudah Verifikasi","446000","2023-10-12","2023-10-12 11:28:12","2023-10-12 11:28:12","0000-00-00 00:00:00"),
("2","16","1","Via Gopay","2023_10_12_05_37_06_wallhaven-g8rppe.jpg","Sudah Verifikasi","2000000","2023-10-12","2023-10-12 11:37:06","2023-10-12 11:37:06","0000-00-00 00:00:00"),
("3","16","1","Via BCA","2023_10_17_04_47_50_valentine.jpg","Sudah Verifikasi","500000","2023-10-17","2023-10-17 10:47:50","2023-10-17 10:47:50","0000-00-00 00:00:00"),
("4","1","1","Via BCA","2023_10_19_05_31_41_echo.png","Sudah Verifikasi","800000","2023-10-19","2023-10-19 11:31:41","2023-10-19 11:31:41","0000-00-00 00:00:00"),
("5","1","0","Via QR ","2023_10_19_05_34_54_ffreyya.jpg","Sudah Verifikasi","1200000","2023-10-20","2023-10-19 11:34:54","2023-10-19 11:34:54","0000-00-00 00:00:00"),
("6","1","1","Via DANA","2023_10_19_05_38_41_ffreyya.jpg","Sudah Verifikasi","1200000","2023-10-17","2023-10-19 11:38:41","2023-10-19 11:38:41","0000-00-00 00:00:00"),
("7","2","1","Via BCA","2023_10_19_05_40_26_gura.jpg","Sudah Verifikasi","1000000","2023-10-21","2023-10-19 11:40:26","2023-10-19 11:40:26","0000-00-00 00:00:00"),
("8","2","1","Via BCA","2023_10_19_05_41_15_killua.jpg","Sudah Verifikasi","500000","2023-09-13","2023-10-19 11:41:15","2023-10-19 11:41:15","0000-00-00 00:00:00"),
("9","17","1","Via BCA","2023_10_19_05_42_36_maiki.jpg","Sudah Verifikasi","5000000","2023-09-08","2023-10-19 11:42:36","2023-10-19 11:42:36","0000-00-00 00:00:00"),
("10","17","1","Via BRI","2023_10_19_05_44_00_varsity.jpg","Sudah Verifikasi","100000","2023-10-09","2023-10-19 11:44:00","2023-10-19 11:44:00","0000-00-00 00:00:00"),
("11","18","1","Via BCA","2023_10_19_05_44_57_luffy.jpg","Sudah Verifikasi","1000000","2023-09-22","2023-10-19 11:44:57","2023-10-19 11:44:57","0000-00-00 00:00:00"),
("12","4","1","Via BCA","2023_10_19_05_47_10_logocelana.jpg","Sudah Verifikasi","1500000","2023-09-25","2023-10-19 11:47:10","2023-10-19 11:47:10","0000-00-00 00:00:00"),
("13","4","1","Via BCA","2023_10_19_05_48_34_nezuko.jpg","Sudah Verifikasi","200000","2023-10-12","2023-10-19 11:48:34","2023-10-19 11:48:34","0000-00-00 00:00:00"),
("14","6","1","Via BCA","2023_10_19_05_49_26_logojaket.jpg","Sudah Verifikasi","1400000","2023-10-14","2023-10-19 11:49:26","2023-10-19 11:49:26","0000-00-00 00:00:00"),
("15","6","1","Via BCA","2023_10_19_05_50_21_haikyu.jpg","Sudah Verifikasi","700000","2023-09-30","2023-10-19 11:50:21","2023-10-19 11:50:21","0000-00-00 00:00:00"),
("16","5","1","Via BCA","2023_10_19_05_51_08_killua.jpg","Sudah Verifikasi","1400000","2023-10-23","2023-10-19 11:51:08","2023-10-19 11:51:08","0000-00-00 00:00:00"),
("17","5","1","Via BRI","2023_10_19_05_51_42_1.jpg","Sudah Verifikasi","400000","2023-09-25","2023-10-19 11:51:42","2023-10-19 11:51:42","0000-00-00 00:00:00"),
("18","15","1","Via BCA","2023_10_19_05_52_39_111-removebg-preview (2).png","Sudah Verifikasi","900000","2023-09-23","2023-10-19 11:52:39","2023-10-19 11:52:39","0000-00-00 00:00:00"),
("19","15","1","Via BCA","2023_10_19_05_53_23_id-11134207-7qukz-lg4wpdyb5yvi03.jpeg","Sudah Verifikasi","2500000","2023-09-29","2023-10-19 11:53:23","2023-10-19 11:53:23","0000-00-00 00:00:00"),
("20","15","1","Via","2023_10_19_05_54_16_images (30).jpeg","Sudah Verifikasi","2700000","2023-09-28","2023-10-19 11:54:16","2023-10-19 11:54:16","0000-00-00 00:00:00");

CREATE TABLE `bayar_alokasi` (
  `id_bayar_alokasi` int(10) NOT NULL AUTO_INCREMENT,
  `id_bayar` int(10) NOT NULL,
  `id_tagihan` int(10) NOT NULL,
  `total_alokasi` int(17) NOT NULL,
  `dialokasikan_oleh` varchar(100) NOT NULL,
  `dibuat_pada` datetime NOT NULL DEFAULT current_timestamp(),
  `diubah_pada` datetime NOT NULL DEFAULT current_timestamp(),
  `dihapus_pada` datetime DEFAULT NULL,
  PRIMARY KEY (`id_bayar_alokasi`)
) ENGINE=InnoDB AUTO_INCREMENT=55 DEFAULT CHARSET=utf8mb4 COLLATE=utf8mb4_general_ci;

INSERT INTO bayar_alokasi VALUES
("1","1","196","446000","Otomatis Oleh Sistem","0000-00-00 00:00:00","2023-10-12 11:29:55","0000-00-00 00:00:00"),
("2","2","197","446000","Otomatis Oleh Sistem","0000-00-00 00:00:00","2023-10-12 11:38:27","0000-00-00 00:00:00"),
("3","2","198","446000","Otomatis Oleh Sistem","0000-00-00 00:00:00","2023-10-12 11:38:27","0000-00-00 00:00:00"),
("4","2","199","1108000","Otomatis Oleh Sistem","0000-00-00 00:00:00","2023-10-12 11:38:28","0000-00-00 00:00:00"),
("5","3","199","500000","Otomatis Oleh Sistem","0000-00-00 00:00:00","2023-10-17 10:47:51","0000-00-00 00:00:00"),
("6","4","1","446000","Otomatis Oleh Sistem","2023-10-19 11:31:41","2023-10-19 11:31:41","0000-00-00 00:00:00"),
("7","4","2","354000","Otomatis Oleh Sistem","2023-10-19 11:31:41","2023-10-19 11:31:41","0000-00-00 00:00:00"),
("8","5","2","92000","Otomatis Oleh Sistem","2023-10-19 11:34:54","2023-10-19 11:34:54","0000-00-00 00:00:00"),
("9","5","3","446000","Otomatis Oleh Sistem","2023-10-19 11:34:55","2023-10-19 11:34:55","0000-00-00 00:00:00"),
("10","5","4","662000","Otomatis Oleh Sistem","2023-10-19 11:34:55","2023-10-19 11:34:55","0000-00-00 00:00:00"),
("11","6","4","1200000","Otomatis Oleh Sistem","2023-10-19 11:38:41","2023-10-19 11:38:41","0000-00-00 00:00:00"),
("12","7","14","446000","Otomatis Oleh Sistem","2023-10-19 11:40:26","2023-10-19 11:40:26","0000-00-00 00:00:00"),
("13","7","15","446000","Otomatis Oleh Sistem","2023-10-19 11:40:26","2023-10-19 11:40:26","0000-00-00 00:00:00"),
("14","7","16","108000","Otomatis Oleh Sistem","2023-10-19 11:40:26","2023-10-19 11:40:26","0000-00-00 00:00:00"),
("15","8","16","338000","Otomatis Oleh Sistem","2023-10-19 11:41:16","2023-10-19 11:41:16","0000-00-00 00:00:00"),
("16","8","17","162000","Otomatis Oleh Sistem","2023-10-19 11:41:16","2023-10-19 11:41:16","0000-00-00 00:00:00"),
("17","9","209","446000","Otomatis Oleh Sistem","2023-10-19 11:42:37","2023-10-19 11:42:37","0000-00-00 00:00:00"),
("18","9","210","446000","Otomatis Oleh Sistem","2023-10-19 11:42:37","2023-10-19 11:42:37","0000-00-00 00:00:00"),
("19","9","211","446000","Otomatis Oleh Sistem","2023-10-19 11:42:37","2023-10-19 11:42:37","0000-00-00 00:00:00"),
("20","9","212","2500000","Otomatis Oleh Sistem","2023-10-19 11:42:37","2023-10-19 11:42:37","0000-00-00 00:00:00"),
("21","9","213","446000","Otomatis Oleh Sistem","2023-10-19 11:42:37","2023-10-19 11:42:37","0000-00-00 00:00:00"),
("22","9","214","446000","Otomatis Oleh Sistem","2023-10-19 11:42:37","2023-10-19 11:42:37","0000-00-00 00:00:00"),
("23","9","215","270000","Otomatis Oleh Sistem","2023-10-19 11:42:37","2023-10-19 11:42:37","0000-00-00 00:00:00"),
("24","10","215","100000","Otomatis Oleh Sistem","2023-10-19 11:44:00","2023-10-19 11:44:00","0000-00-00 00:00:00"),
("25","11","222","446000","Otomatis Oleh Sistem","2023-10-19 11:44:57","2023-10-19 11:44:57","0000-00-00 00:00:00"),
("26","11","223","446000","Otomatis Oleh Sistem","2023-10-19 11:44:58","2023-10-19 11:44:58","0000-00-00 00:00:00"),
("27","11","224","108000","Otomatis Oleh Sistem","2023-10-19 11:44:58","2023-10-19 11:44:58","0000-00-00 00:00:00"),
("28","12","40","446000","Otomatis Oleh Sistem","2023-10-19 11:47:10","2023-10-19 11:47:10","0000-00-00 00:00:00"),
("29","12","41","446000","Otomatis Oleh Sistem","2023-10-19 11:47:10","2023-10-19 11:47:10","0000-00-00 00:00:00"),
("30","12","42","446000","Otomatis Oleh Sistem","2023-10-19 11:47:10","2023-10-19 11:47:10","0000-00-00 00:00:00"),
("31","12","43","162000","Otomatis Oleh Sistem","2023-10-19 11:47:10","2023-10-19 11:47:10","0000-00-00 00:00:00"),
("32","13","43","200000","Otomatis Oleh Sistem","2023-10-19 11:48:34","2023-10-19 11:48:34","0000-00-00 00:00:00"),
("33","14","66","446000","Otomatis Oleh Sistem","2023-10-19 11:49:26","2023-10-19 11:49:26","0000-00-00 00:00:00"),
("34","14","67","446000","Otomatis Oleh Sistem","2023-10-19 11:49:26","2023-10-19 11:49:26","0000-00-00 00:00:00"),
("35","14","68","446000","Otomatis Oleh Sistem","2023-10-19 11:49:26","2023-10-19 11:49:26","0000-00-00 00:00:00"),
("36","14","69","62000","Otomatis Oleh Sistem","2023-10-19 11:49:26","2023-10-19 11:49:26","0000-00-00 00:00:00"),
("37","15","69","700000","Otomatis Oleh Sistem","2023-10-19 11:50:21","2023-10-19 11:50:21","0000-00-00 00:00:00"),
("38","16","53","446000","Otomatis Oleh Sistem","2023-10-19 11:51:08","2023-10-19 11:51:08","0000-00-00 00:00:00"),
("39","16","54","446000","Otomatis Oleh Sistem","2023-10-19 11:51:08","2023-10-19 11:51:08","0000-00-00 00:00:00"),
("40","16","55","446000","Otomatis Oleh Sistem","2023-10-19 11:51:08","2023-10-19 11:51:08","0000-00-00 00:00:00"),
("41","16","56","62000","Otomatis Oleh Sistem","2023-10-19 11:51:09","2023-10-19 11:51:09","0000-00-00 00:00:00"),
("42","17","56","400000","Otomatis Oleh Sistem","2023-10-19 11:51:42","2023-10-19 11:51:42","0000-00-00 00:00:00"),
("43","18","183","446000","Otomatis Oleh Sistem","2023-10-19 11:52:39","2023-10-19 11:52:39","0000-00-00 00:00:00"),
("44","18","184","446000","Otomatis Oleh Sistem","2023-10-19 11:52:40","2023-10-19 11:52:40","0000-00-00 00:00:00"),
("45","18","185","8000","Otomatis Oleh Sistem","2023-10-19 11:52:40","2023-10-19 11:52:40","0000-00-00 00:00:00"),
("46","19","185","438000","Otomatis Oleh Sistem","2023-10-19 11:53:23","2023-10-19 11:53:23","0000-00-00 00:00:00"),
("47","19","186","2062000","Otomatis Oleh Sistem","2023-10-19 11:53:23","2023-10-19 11:53:23","0000-00-00 00:00:00"),
("48","20","186","438000","Otomatis Oleh Sistem","2023-10-19 11:54:16","2023-10-19 11:54:16","0000-00-00 00:00:00"),
("49","20","187","446000","Otomatis Oleh Sistem","2023-10-19 11:54:16","2023-10-19 11:54:16","0000-00-00 00:00:00"),
("50","20","188","446000","Otomatis Oleh Sistem","2023-10-19 11:54:17","2023-10-19 11:54:17","0000-00-00 00:00:00"),
("51","20","189","446000","Otomatis Oleh Sistem","2023-10-19 11:54:17","2023-10-19 11:54:17","0000-00-00 00:00:00"),
("52","20","190","446000","Otomatis Oleh Sistem","2023-10-19 11:54:17","2023-10-19 11:54:17","0000-00-00 00:00:00"),
("53","20","191","446000","Otomatis Oleh Sistem","2023-10-19 11:54:17","2023-10-19 11:54:17","0000-00-00 00:00:00"),
("54","20","192","32000","Otomatis Oleh Sistem","2023-10-19 11:54:17","2023-10-19 11:54:17","0000-00-00 00:00:00");

CREATE TABLE `bayar_metode` (
  `id_bayar_metode` int(10) NOT NULL AUTO_INCREMENT,
  `metode` varchar(100) NOT NULL,
  `nomor_rekening` varchar(100) NOT NULL,
  `dibuat_pada` datetime NOT NULL DEFAULT current_timestamp(),
  `diubah_pada` datetime NOT NULL DEFAULT current_timestamp(),
  `dihapus_pada` datetime DEFAULT NULL,
  PRIMARY KEY (`id_bayar_metode`)
) ENGINE=InnoDB AUTO_INCREMENT=3 DEFAULT CHARSET=utf8mb4 COLLATE=utf8mb4_general_ci;

INSERT INTO bayar_metode VALUES
("1","Transfer Ke Bank BTN Rekening SMK Triatma Jaya Badung","00555-0130-0000028","2023-09-19 08:50:46","2023-09-19 08:50:46","0000-00-00 00:00:00"),
("2","Transfer Ke Bank BTN Rekening OSIS SMK Triatma Jaya Badung","0055-0188-0000085","2023-09-19 08:50:46","2023-09-19 08:50:46","0000-00-00 00:00:00");

CREATE TABLE `biaya` (
  `id_biaya` int(10) NOT NULL AUTO_INCREMENT,
  `id_periode` int(10) NOT NULL,
  `deskripsi_biaya` varchar(200) NOT NULL,
  `jumlah_biaya` int(17) NOT NULL,
  `tanggal_jatuh_tempo` date NOT NULL,
  `tingkat` int(2) DEFAULT NULL,
  `id_jurusan` int(10) DEFAULT NULL,
  `dibuat_pada` datetime NOT NULL DEFAULT current_timestamp(),
  `diubah_pada` datetime NOT NULL DEFAULT current_timestamp(),
  `dihapus_pada` datetime DEFAULT NULL,
  PRIMARY KEY (`id_biaya`)
) ENGINE=InnoDB AUTO_INCREMENT=14 DEFAULT CHARSET=latin1 COLLATE=latin1_swedish_ci;

INSERT INTO biaya VALUES
("1","1","SPP Juli 2023","446000","2023-07-20","12","1","2023-08-31 08:50:58","2023-08-31 08:50:58","0000-00-00 00:00:00"),
("2","1","SPP Agustus 2023","446000","2023-08-20","12","1","2023-08-31 08:52:15","2023-08-31 08:52:15","0000-00-00 00:00:00"),
("3","1","SPP September 2023","446000","2023-09-20","12","1","2023-08-31 08:53:22","2023-08-31 08:53:22","0000-00-00 00:00:00"),
("4","1","Uang Study Tour","2500000","2023-09-22","12","1","2023-08-31 08:54:56","2023-08-31 08:54:56","0000-00-00 00:00:00"),
("5","1","SPP Oktober 2023","446000","2023-10-20","12","1","2023-08-31 08:55:26","2023-08-31 08:55:26","0000-00-00 00:00:00"),
("6","1","SPP November 2023","446000","2023-11-20","12","1","2023-08-31 08:55:51","2023-08-31 08:55:51","0000-00-00 00:00:00"),
("7","1","SPP Desember 2023","446000","2023-12-20","12","1","2023-08-31 08:56:18","2023-08-31 08:56:18","0000-00-00 00:00:00"),
("8","1","SPP Januari 2024","446000","2024-01-20","12","1","2023-08-31 08:57:53","2023-08-31 08:57:53","0000-00-00 00:00:00"),
("9","1","SPP Februari 2024","446000","2024-02-20","12","1","2023-08-31 08:59:59","2023-08-31 08:59:59","0000-00-00 00:00:00"),
("10","1","SPP Maret 2024","446000","2024-03-20","12","1","2023-08-31 09:00:37","2023-08-31 09:00:37","0000-00-00 00:00:00"),
("11","1","SPP April 2024","446000","2024-04-20","12","1","2023-08-31 09:01:04","2023-08-31 09:01:04","0000-00-00 00:00:00"),
("12","1","SPP Mei 2024","446000","2024-05-20","12","1","2023-08-31 09:01:38","2023-08-31 09:01:38","0000-00-00 00:00:00"),
("13","1","SPP Juni 2024","446000","2024-06-20","12","1","2023-08-31 09:02:34","2023-08-31 09:02:34","0000-00-00 00:00:00");

CREATE TABLE `jurusan` (
  `id_jurusan` int(10) NOT NULL AUTO_INCREMENT,
  `jurusan` varchar(100) NOT NULL,
  `dibuat_pada` datetime NOT NULL DEFAULT current_timestamp(),
  `diubah_pada` datetime NOT NULL DEFAULT current_timestamp(),
  `dihapus_pada` datetime DEFAULT NULL,
  PRIMARY KEY (`id_jurusan`)
) ENGINE=InnoDB AUTO_INCREMENT=5 DEFAULT CHARSET=utf8mb4 COLLATE=utf8mb4_general_ci;

INSERT INTO jurusan VALUES
("1","Pengembangan Perangkat Lunak & Gim","2023-09-05 08:13:32","2023-09-05 08:15:39","0000-00-00 00:00:00"),
("2","Tata Kecantikan","2023-09-05 08:13:32","2023-09-05 08:15:39","0000-00-00 00:00:00"),
("3","Kuliner","2023-09-05 08:16:11","2023-09-05 08:17:17","0000-00-00 00:00:00"),
("4","Perhotelan","2023-09-05 08:16:11","2023-09-05 08:17:17","0000-00-00 00:00:00");

CREATE TABLE `periode` (
  `id_periode` int(10) NOT NULL AUTO_INCREMENT,
  `periode` varchar(100) NOT NULL,
  `tanggal_awal` date NOT NULL,
  `tanggal_akhir` date NOT NULL,
  `dibuat_pada` datetime NOT NULL DEFAULT current_timestamp(),
  `diubah_pada` datetime NOT NULL DEFAULT current_timestamp(),
  `dihapus_pada` datetime DEFAULT NULL,
  PRIMARY KEY (`id_periode`)
) ENGINE=InnoDB AUTO_INCREMENT=3 DEFAULT CHARSET=latin1 COLLATE=latin1_swedish_ci;

INSERT INTO periode VALUES
("1","Tahun Ajar 2023/2024","2023-07-01","2024-06-30","2023-08-31 08:49:04","2023-08-31 08:49:04","0000-00-00 00:00:00"),
("2","Tahun Ajar 2024/2025","2024-07-01","2025-06-30","2023-08-31 08:49:53","2023-08-31 08:49:53","0000-00-00 00:00:00");

CREATE TABLE `siswa` (
  `id_siswa` int(10) NOT NULL AUTO_INCREMENT,
  `nis` varchar(20) NOT NULL,
  `nama` varchar(200) NOT NULL,
  `kelas` varchar(50) NOT NULL,
  `tingkat` int(2) NOT NULL,
  `id_jurusan` int(10) NOT NULL,
  `alamat` text NOT NULL,
  `no_hp` varchar(20) NOT NULL,
  `email` varchar(50) NOT NULL,
  `dibuat_pada` datetime NOT NULL DEFAULT current_timestamp(),
  `diubah_pada` datetime NOT NULL DEFAULT current_timestamp(),
  `dihapus_pada` datetime DEFAULT NULL,
  PRIMARY KEY (`id_siswa`)
) ENGINE=InnoDB AUTO_INCREMENT=34 DEFAULT CHARSET=latin1 COLLATE=latin1_swedish_ci;

INSERT INTO siswa VALUES
("1","4950","Aline Syahfitri","XII RPL","12","1","Jl. Mersada, No.1, Kuta Utara, Badung.","081805594344","alinekullbet1@gmail.com","2023-09-05 07:55:09","2023-09-05 07:55:09","0000-00-00 00:00:00"),
("2","4951","Bezaliel Cahya Yehuda","XII RPL","12","1","Jl. Gunung Andakasa, Gg. Matahari 1A, Denpasar Barat.","085738055323","superb3k@gmail.com","2023-09-05 07:58:08","2023-09-05 07:58:08","0000-00-00 00:00:00"),
("3","4952","Fibri Wiliana Putri","XII RPL","12","1","Perumahan Kuwum Jl. Graha Asri I, No. 19,  Marga, Tabanan","081339682031","fibrisukabl@gmail.com","2023-09-05 08:02:06","2023-09-05 08:02:06","0000-00-00 00:00:00"),
("4","4953","Gede Andi Perayoga","XII RPL","12","1","Jl. Raya Anyar, No. 16, Kuta Utara","087867635630","bapukperayoga12@gmail.com","2023-09-05 08:04:11","2023-09-05 08:04:11","0000-00-00 00:00:00"),
("5","4954","I Gede Erick Fujianto Lilla","XII RPL","12","1","Jl. Kubu gunung, Gg. Mawar, No. 77x","085973912032","bjirick3@gmail.com","2023-09-05 09:42:01","2023-09-05 09:42:01","0000-00-00 00:00:00"),
("6","4955","I Putu Arya Ady Susena","XII RPL","12","1","Jl. Fatma Utara, No.524","089661718111","susenavespa1@gmail.com","2023-09-05 09:46:03","2023-09-05 09:46:03","0000-00-00 00:00:00"),
("7","4956","Komang Risma Tri Pradnyani","XII RPL","12","1","Jl. Dalung Permai","085792958529","smartrisma12@gmail.com","2023-09-05 09:55:27","2023-09-05 09:55:27","0000-00-00 00:00:00"),
("8","4957","Magdalena Febiayu Kantur","XII RPL","12","1","Jl. Abianbase","081246401384","valentin1@gmail.com","2023-09-05 09:57:35","2023-09-05 09:57:35","0000-00-00 00:00:00"),
("9","4958","Nasywa Ramadhani","XII RPL","12","1","Jl. Merpati Monang-Maning, No.12A, Denpasar Barat","085857972058","nasiwok@gmail.com","2023-09-05 09:58:59","2023-09-05 09:58:59","0000-00-00 00:00:00"),
("10","4959","Ni Kadek Dwi Swandewi","XII RPL","12","1","Jl. Br. Tulibung Karang","087860052445","swandewi12@gmail.com","2023-09-05 10:02:34","2023-09-05 10:02:34","0000-00-00 00:00:00"),
("11","4960","Ni Kadek Nina Antari","XII RPL","12","1","Jl. Raya Kapal, Badung","08985337373","ninaseleb@gmail.com","2023-09-05 11:21:20","2023-09-05 11:21:20","0000-00-00 00:00:00"),
("12","4561","Ni Luh Chelsea Widyadari","XII RPL","12","1","Jl. Tibubeneng, Kuta Utara","087734632004","chealsea123@gmail.com","2023-09-05 11:22:57","2023-09-05 11:22:57","0000-00-00 00:00:00"),
("13","4562","Ni Luh Putu Diah Martiani","XII RPL","12","1","Jl. Dalung Permai","0895394536866","diahmartiani123@gmail.com","2023-09-05 11:24:57","2023-09-05 11:24:57","0000-00-00 00:00:00"),
("14","4563","Ni Putu Nia Pradnya Oktaviani","XII RPL","12","1","Jl. Tanah Lot, Tabanan","089508466041","niaosis123@gmail.com","2023-09-05 11:27:47","2023-09-05 11:27:47","0000-00-00 00:00:00"),
("15","4964","Williams Jacobus Felanuel","XII RPL","12","1","Jl. Pesona Dalung Permai IV, No. 13","081917913625","jacobwibutiktok@gmail.com","2023-09-05 11:33:53","2023-09-05 11:33:53","0000-00-00 00:00:00"),
("16","4965","Zaid Assya Yudah","XII RPL","12","1","Jl. Tegal Dukuh Selatan, Gg. Srikaya II, No. 1","085738910245","zaidsukafreya@gmail.com","2023-09-05 11:38:32","2023-09-05 11:38:32","0000-00-00 00:00:00"),
("17","4966","Dewa Made Martha Abimayu","XII RPL","12","1","Jl. Arjuna, No. 2, Abianbase","085738114582","dewatukanggawe12@gmail.com","2023-09-05 11:40:29","2023-09-05 11:40:29","0000-00-00 00:00:00"),
("18","4967","Ferrell Feivel Waworuntu","XII RPL","12","1","Jl. Pura Demak, No. 25, Denpasar","081239182412","wawo123@gmail.com","2023-09-05 11:42:35","2023-09-05 11:42:35","0000-00-00 00:00:00"),
("19","2001","Muhammad Gyovani Rofexu D","XII JB1","12","3","Jl. Danau Toba","0891234567","topanmalam12@gmail.com","2023-09-12 09:15:14","2023-09-12 09:15:14","0000-00-00 00:00:00"),
("20","2002","Putu Bagus Wellson","XII JB1","12","3","Jl. Gunung Toba","0891234567","dylon@gmail.com","2023-09-12 09:17:01","2023-09-12 09:17:01","0000-00-00 00:00:00"),
("21","2003","Gede Bayu Mahendra Puta","XII JB1","12","3","Jl. Gatsu ","08123456789","bayu@gmail.com","2023-09-12 09:18:13","2023-09-12 09:18:13","0000-00-00 00:00:00"),
("22","2004","Fortunella","XII JB1","12","3","Jl. pot bunga","08791234567","nella@gmail.com","2023-09-12 09:19:52","2023-09-12 09:19:52","0000-00-00 00:00:00"),
("23","2005","Alvon Karido Pratama","XII JB2","12","3","Jl. Tanah Lot","08791234567","shiroi@gmail.com","2023-09-12 09:21:40","2023-09-12 09:21:40","0000-00-00 00:00:00"),
("24","2006","Putu Devina Mayuni","XII AP1","12","4","Jl. Kiilua","08123456789","devina@gmail.com","2023-09-12 09:23:02","2023-09-12 09:23:02","0000-00-00 00:00:00"),
("25","2007","Made Odette","XII AP2","12","4","Jl.  Land Of Dawn","08912344567","odette12@gmail.com","2023-09-12 09:25:02","2023-09-12 09:25:02","0000-00-00 00:00:00"),
("26","2008","Joko Widodo","XII AP1","12","4","Jl. Abdi Negara","08123456789","masowi@gmail.com","2023-09-12 09:26:26","2023-09-12 09:26:26","0000-00-00 00:00:00"),
("27","2009","Prabowo Subianto","XII AP 1","12","4","Jl. Abdi Negri","08122222234","prabowo12@gmail.com","2023-09-12 09:27:31","2023-09-12 09:27:31","0000-00-00 00:00:00"),
("28","2010","Oktafia Putri Ramadhani","XII AP1","12","4","Jl. Werkudara","08512346789","okta12@gmail.com","2023-09-12 09:29:36","2023-09-12 09:29:36","0000-00-00 00:00:00"),
("29","2011","Trinita Abektiani","XII TKC","12","2","Jl. Hantu","08976543212","nita12@gmail.com","2023-09-12 09:31:13","2023-09-12 09:31:13","0000-00-00 00:00:00"),
("30","2012","Maena Defitri","XII TKC","12","2","Jl. Prof. Soekarno","08712345980","maena12@gmail.com","2023-09-12 09:32:31","2023-09-12 09:32:31","0000-00-00 00:00:00"),
("31","2013","Yuta","XII TKC","12","2","Jl. Gacor Kang","081234567","yuta12@gmail.com","2023-09-12 09:35:04","2023-09-12 09:35:04","0000-00-00 00:00:00"),
("32","2014","Nely Apriani","XII TKC","12","2","Jl. jelly","0851234678","nely12@gmail.com","2023-09-12 09:36:38","2023-09-12 09:36:38","0000-00-00 00:00:00"),
("33","2015","Sukri","XII TKC","12","2","Jl. Buleleng","0861234578","sukri12@gmail.com","2023-09-12 09:38:25","2023-09-12 09:38:25","0000-00-00 00:00:00");

CREATE TABLE `tagihan` (
  `id_tagihan` int(10) NOT NULL AUTO_INCREMENT,
  `id_biaya` int(10) NOT NULL,
  `id_siswa` int(10) NOT NULL,
  `kelas` varchar(50) NOT NULL,
  `keterangan` varchar(200) NOT NULL,
  `potongan` int(20) NOT NULL DEFAULT 0,
  `total_terbayar` int(20) NOT NULL DEFAULT 0,
  `dibuat_pada` datetime NOT NULL DEFAULT current_timestamp(),
  `diubah_pada` datetime NOT NULL DEFAULT current_timestamp(),
  `dihapus_pada` datetime DEFAULT NULL,
  PRIMARY KEY (`id_tagihan`)
) ENGINE=InnoDB AUTO_INCREMENT=235 DEFAULT CHARSET=latin1 COLLATE=latin1_swedish_ci;

INSERT INTO tagihan VALUES
("1","1","1","XII RPL","","0","446000","2023-10-12 11:26:41","2023-10-12 11:26:41","0000-00-00 00:00:00"),
("2","2","1","XII RPL","","0","446000","2023-10-12 11:26:41","2023-10-12 11:26:41","0000-00-00 00:00:00"),
("3","3","1","XII RPL","","0","446000","2023-10-12 11:26:41","2023-10-12 11:26:41","0000-00-00 00:00:00"),
("4","4","1","XII RPL","","0","1862000","2023-10-12 11:26:41","2023-10-12 11:26:41","0000-00-00 00:00:00"),
("5","5","1","XII RPL","","0","0","2023-10-12 11:26:41","2023-10-12 11:26:41","0000-00-00 00:00:00"),
("6","6","1","XII RPL","","0","0","2023-10-12 11:26:41","2023-10-12 11:26:41","0000-00-00 00:00:00"),
("7","7","1","XII RPL","","0","0","2023-10-12 11:26:41","2023-10-12 11:26:41","0000-00-00 00:00:00"),
("8","8","1","XII RPL","","0","0","2023-10-12 11:26:41","2023-10-12 11:26:41","0000-00-00 00:00:00"),
("9","9","1","XII RPL","","0","0","2023-10-12 11:26:42","2023-10-12 11:26:42","0000-00-00 00:00:00"),
("10","10","1","XII RPL","","0","0","2023-10-12 11:26:42","2023-10-12 11:26:42","0000-00-00 00:00:00"),
("11","11","1","XII RPL","","0","0","2023-10-12 11:26:42","2023-10-12 11:26:42","0000-00-00 00:00:00"),
("12","12","1","XII RPL","","0","0","2023-10-12 11:26:42","2023-10-12 11:26:42","0000-00-00 00:00:00"),
("13","13","1","XII RPL","","0","0","2023-10-12 11:26:42","2023-10-12 11:26:42","0000-00-00 00:00:00"),
("14","1","2","XII RPL","","0","446000","2023-10-12 11:26:42","2023-10-12 11:26:42","0000-00-00 00:00:00"),
("15","2","2","XII RPL","","0","446000","2023-10-12 11:26:42","2023-10-12 11:26:42","0000-00-00 00:00:00"),
("16","3","2","XII RPL","","0","446000","2023-10-12 11:26:42","2023-10-12 11:26:42","0000-00-00 00:00:00"),
("17","4","2","XII RPL","","0","162000","2023-10-12 11:26:42","2023-10-12 11:26:42","0000-00-00 00:00:00"),
("18","5","2","XII RPL","","0","0","2023-10-12 11:26:42","2023-10-12 11:26:42","0000-00-00 00:00:00"),
("19","6","2","XII RPL","","0","0","2023-10-12 11:26:42","2023-10-12 11:26:42","0000-00-00 00:00:00"),
("20","7","2","XII RPL","","0","0","2023-10-12 11:26:42","2023-10-12 11:26:42","0000-00-00 00:00:00"),
("21","8","2","XII RPL","","0","0","2023-10-12 11:26:42","2023-10-12 11:26:42","0000-00-00 00:00:00"),
("22","9","2","XII RPL","","0","0","2023-10-12 11:26:42","2023-10-12 11:26:42","0000-00-00 00:00:00"),
("23","10","2","XII RPL","","0","0","2023-10-12 11:26:42","2023-10-12 11:26:42","0000-00-00 00:00:00"),
("24","11","2","XII RPL","","0","0","2023-10-12 11:26:42","2023-10-12 11:26:42","0000-00-00 00:00:00"),
("25","12","2","XII RPL","","0","0","2023-10-12 11:26:42","2023-10-12 11:26:42","0000-00-00 00:00:00"),
("26","13","2","XII RPL","","0","0","2023-10-12 11:26:42","2023-10-12 11:26:42","0000-00-00 00:00:00"),
("27","1","3","XII RPL","","0","0","2023-10-12 11:26:42","2023-10-12 11:26:42","0000-00-00 00:00:00"),
("28","2","3","XII RPL","","0","0","2023-10-12 11:26:42","2023-10-12 11:26:42","0000-00-00 00:00:00"),
("29","3","3","XII RPL","","0","0","2023-10-12 11:26:42","2023-10-12 11:26:42","0000-00-00 00:00:00"),
("30","4","3","XII RPL","","0","0","2023-10-12 11:26:42","2023-10-12 11:26:42","0000-00-00 00:00:00"),
("31","5","3","XII RPL","","0","0","2023-10-12 11:26:42","2023-10-12 11:26:42","0000-00-00 00:00:00"),
("32","6","3","XII RPL","","0","0","2023-10-12 11:26:42","2023-10-12 11:26:42","0000-00-00 00:00:00"),
("33","7","3","XII RPL","","0","0","2023-10-12 11:26:42","2023-10-12 11:26:42","0000-00-00 00:00:00"),
("34","8","3","XII RPL","","0","0","2023-10-12 11:26:43","2023-10-12 11:26:43","0000-00-00 00:00:00"),
("35","9","3","XII RPL","","0","0","2023-10-12 11:26:43","2023-10-12 11:26:43","0000-00-00 00:00:00"),
("36","10","3","XII RPL","","0","0","2023-10-12 11:26:43","2023-10-12 11:26:43","0000-00-00 00:00:00"),
("37","11","3","XII RPL","","0","0","2023-10-12 11:26:43","2023-10-12 11:26:43","0000-00-00 00:00:00"),
("38","12","3","XII RPL","","0","0","2023-10-12 11:26:43","2023-10-12 11:26:43","0000-00-00 00:00:00"),
("39","13","3","XII RPL","","0","0","2023-10-12 11:26:43","2023-10-12 11:26:43","0000-00-00 00:00:00"),
("40","1","4","XII RPL","","0","446000","2023-10-12 11:26:43","2023-10-12 11:26:43","0000-00-00 00:00:00"),
("41","2","4","XII RPL","","0","446000","2023-10-12 11:26:43","2023-10-12 11:26:43","0000-00-00 00:00:00"),
("42","3","4","XII RPL","","0","446000","2023-10-12 11:26:43","2023-10-12 11:26:43","0000-00-00 00:00:00"),
("43","4","4","XII RPL","","0","362000","2023-10-12 11:26:43","2023-10-12 11:26:43","0000-00-00 00:00:00"),
("44","5","4","XII RPL","","0","0","2023-10-12 11:26:43","2023-10-12 11:26:43","0000-00-00 00:00:00"),
("45","6","4","XII RPL","","0","0","2023-10-12 11:26:43","2023-10-12 11:26:43","0000-00-00 00:00:00"),
("46","7","4","XII RPL","","0","0","2023-10-12 11:26:43","2023-10-12 11:26:43","0000-00-00 00:00:00"),
("47","8","4","XII RPL","","0","0","2023-10-12 11:26:43","2023-10-12 11:26:43","0000-00-00 00:00:00"),
("48","9","4","XII RPL","","0","0","2023-10-12 11:26:43","2023-10-12 11:26:43","0000-00-00 00:00:00"),
("49","10","4","XII RPL","","0","0","2023-10-12 11:26:43","2023-10-12 11:26:43","0000-00-00 00:00:00"),
("50","11","4","XII RPL","","0","0","2023-10-12 11:26:43","2023-10-12 11:26:43","0000-00-00 00:00:00"),
("51","12","4","XII RPL","","0","0","2023-10-12 11:26:43","2023-10-12 11:26:43","0000-00-00 00:00:00"),
("52","13","4","XII RPL","","0","0","2023-10-12 11:26:43","2023-10-12 11:26:43","0000-00-00 00:00:00"),
("53","1","5","XII RPL","","0","446000","2023-10-12 11:26:43","2023-10-12 11:26:43","0000-00-00 00:00:00"),
("54","2","5","XII RPL","","0","446000","2023-10-12 11:26:43","2023-10-12 11:26:43","0000-00-00 00:00:00"),
("55","3","5","XII RPL","","0","446000","2023-10-12 11:26:43","2023-10-12 11:26:43","0000-00-00 00:00:00"),
("56","4","5","XII RPL","","0","462000","2023-10-12 11:26:43","2023-10-12 11:26:43","0000-00-00 00:00:00"),
("57","5","5","XII RPL","","0","0","2023-10-12 11:26:43","2023-10-12 11:26:43","0000-00-00 00:00:00"),
("58","6","5","XII RPL","","0","0","2023-10-12 11:26:43","2023-10-12 11:26:43","0000-00-00 00:00:00"),
("59","7","5","XII RPL","","0","0","2023-10-12 11:26:43","2023-10-12 11:26:43","0000-00-00 00:00:00"),
("60","8","5","XII RPL","","0","0","2023-10-12 11:26:44","2023-10-12 11:26:44","0000-00-00 00:00:00"),
("61","9","5","XII RPL","","0","0","2023-10-12 11:26:44","2023-10-12 11:26:44","0000-00-00 00:00:00"),
("62","10","5","XII RPL","","0","0","2023-10-12 11:26:44","2023-10-12 11:26:44","0000-00-00 00:00:00"),
("63","11","5","XII RPL","","0","0","2023-10-12 11:26:44","2023-10-12 11:26:44","0000-00-00 00:00:00"),
("64","12","5","XII RPL","","0","0","2023-10-12 11:26:44","2023-10-12 11:26:44","0000-00-00 00:00:00"),
("65","13","5","XII RPL","","0","0","2023-10-12 11:26:44","2023-10-12 11:26:44","0000-00-00 00:00:00"),
("66","1","6","XII RPL","","0","446000","2023-10-12 11:26:44","2023-10-12 11:26:44","0000-00-00 00:00:00"),
("67","2","6","XII RPL","","0","446000","2023-10-12 11:26:44","2023-10-12 11:26:44","0000-00-00 00:00:00"),
("68","3","6","XII RPL","","0","446000","2023-10-12 11:26:44","2023-10-12 11:26:44","0000-00-00 00:00:00"),
("69","4","6","XII RPL","","0","762000","2023-10-12 11:26:44","2023-10-12 11:26:44","0000-00-00 00:00:00"),
("70","5","6","XII RPL","","0","0","2023-10-12 11:26:44","2023-10-12 11:26:44","0000-00-00 00:00:00"),
("71","6","6","XII RPL","","0","0","2023-10-12 11:26:44","2023-10-12 11:26:44","0000-00-00 00:00:00"),
("72","7","6","XII RPL","","0","0","2023-10-12 11:26:44","2023-10-12 11:26:44","0000-00-00 00:00:00"),
("73","8","6","XII RPL","","0","0","2023-10-12 11:26:44","2023-10-12 11:26:44","0000-00-00 00:00:00"),
("74","9","6","XII RPL","","0","0","2023-10-12 11:26:44","2023-10-12 11:26:44","0000-00-00 00:00:00"),
("75","10","6","XII RPL","","0","0","2023-10-12 11:26:44","2023-10-12 11:26:44","0000-00-00 00:00:00"),
("76","11","6","XII RPL","","0","0","2023-10-12 11:26:44","2023-10-12 11:26:44","0000-00-00 00:00:00"),
("77","12","6","XII RPL","","0","0","2023-10-12 11:26:44","2023-10-12 11:26:44","0000-00-00 00:00:00"),
("78","13","6","XII RPL","","0","0","2023-10-12 11:26:44","2023-10-12 11:26:44","0000-00-00 00:00:00"),
("79","1","7","XII RPL","","0","0","2023-10-12 11:26:44","2023-10-12 11:26:44","0000-00-00 00:00:00"),
("80","2","7","XII RPL","","0","0","2023-10-12 11:26:44","2023-10-12 11:26:44","0000-00-00 00:00:00"),
("81","3","7","XII RPL","","0","0","2023-10-12 11:26:44","2023-10-12 11:26:44","0000-00-00 00:00:00"),
("82","4","7","XII RPL","","0","0","2023-10-12 11:26:44","2023-10-12 11:26:44","0000-00-00 00:00:00"),
("83","5","7","XII RPL","","0","0","2023-10-12 11:26:45","2023-10-12 11:26:45","0000-00-00 00:00:00"),
("84","6","7","XII RPL","","0","0","2023-10-12 11:26:45","2023-10-12 11:26:45","0000-00-00 00:00:00"),
("85","7","7","XII RPL","","0","0","2023-10-12 11:26:45","2023-10-12 11:26:45","0000-00-00 00:00:00"),
("86","8","7","XII RPL","","0","0","2023-10-12 11:26:45","2023-10-12 11:26:45","0000-00-00 00:00:00"),
("87","9","7","XII RPL","","0","0","2023-10-12 11:26:45","2023-10-12 11:26:45","0000-00-00 00:00:00"),
("88","10","7","XII RPL","","0","0","2023-10-12 11:26:45","2023-10-12 11:26:45","0000-00-00 00:00:00"),
("89","11","7","XII RPL","","0","0","2023-10-12 11:26:45","2023-10-12 11:26:45","0000-00-00 00:00:00"),
("90","12","7","XII RPL","","0","0","2023-10-12 11:26:45","2023-10-12 11:26:45","0000-00-00 00:00:00"),
("91","13","7","XII RPL","","0","0","2023-10-12 11:26:45","2023-10-12 11:26:45","0000-00-00 00:00:00"),
("92","1","8","XII RPL","","0","0","2023-10-12 11:26:45","2023-10-12 11:26:45","0000-00-00 00:00:00"),
("93","2","8","XII RPL","","0","0","2023-10-12 11:26:45","2023-10-12 11:26:45","0000-00-00 00:00:00"),
("94","3","8","XII RPL","","0","0","2023-10-12 11:26:45","2023-10-12 11:26:45","0000-00-00 00:00:00"),
("95","4","8","XII RPL","","0","0","2023-10-12 11:26:45","2023-10-12 11:26:45","0000-00-00 00:00:00"),
("96","5","8","XII RPL","","0","0","2023-10-12 11:26:45","2023-10-12 11:26:45","0000-00-00 00:00:00"),
("97","6","8","XII RPL","","0","0","2023-10-12 11:26:45","2023-10-12 11:26:45","0000-00-00 00:00:00"),
("98","7","8","XII RPL","","0","0","2023-10-12 11:26:45","2023-10-12 11:26:45","0000-00-00 00:00:00"),
("99","8","8","XII RPL","","0","0","2023-10-12 11:26:45","2023-10-12 11:26:45","0000-00-00 00:00:00"),
("100","9","8","XII RPL","","0","0","2023-10-12 11:26:45","2023-10-12 11:26:45","0000-00-00 00:00:00");
INSERT INTO tagihan VALUES
("101","10","8","XII RPL","","0","0","2023-10-12 11:26:45","2023-10-12 11:26:45","0000-00-00 00:00:00"),
("102","11","8","XII RPL","","0","0","2023-10-12 11:26:45","2023-10-12 11:26:45","0000-00-00 00:00:00"),
("103","12","8","XII RPL","","0","0","2023-10-12 11:26:45","2023-10-12 11:26:45","0000-00-00 00:00:00"),
("104","13","8","XII RPL","","0","0","2023-10-12 11:26:45","2023-10-12 11:26:45","0000-00-00 00:00:00"),
("105","1","9","XII RPL","","0","0","2023-10-12 11:26:45","2023-10-12 11:26:45","0000-00-00 00:00:00"),
("106","2","9","XII RPL","","0","0","2023-10-12 11:26:45","2023-10-12 11:26:45","0000-00-00 00:00:00"),
("107","3","9","XII RPL","","0","0","2023-10-12 11:26:45","2023-10-12 11:26:45","0000-00-00 00:00:00"),
("108","4","9","XII RPL","","0","0","2023-10-12 11:26:45","2023-10-12 11:26:45","0000-00-00 00:00:00"),
("109","5","9","XII RPL","","0","0","2023-10-12 11:26:45","2023-10-12 11:26:45","0000-00-00 00:00:00"),
("110","6","9","XII RPL","","0","0","2023-10-12 11:26:46","2023-10-12 11:26:46","0000-00-00 00:00:00"),
("111","7","9","XII RPL","","0","0","2023-10-12 11:26:46","2023-10-12 11:26:46","0000-00-00 00:00:00"),
("112","8","9","XII RPL","","0","0","2023-10-12 11:26:46","2023-10-12 11:26:46","0000-00-00 00:00:00"),
("113","9","9","XII RPL","","0","0","2023-10-12 11:26:46","2023-10-12 11:26:46","0000-00-00 00:00:00"),
("114","10","9","XII RPL","","0","0","2023-10-12 11:26:46","2023-10-12 11:26:46","0000-00-00 00:00:00"),
("115","11","9","XII RPL","","0","0","2023-10-12 11:26:46","2023-10-12 11:26:46","0000-00-00 00:00:00"),
("116","12","9","XII RPL","","0","0","2023-10-12 11:26:46","2023-10-12 11:26:46","0000-00-00 00:00:00"),
("117","13","9","XII RPL","","0","0","2023-10-12 11:26:46","2023-10-12 11:26:46","0000-00-00 00:00:00"),
("118","1","10","XII RPL","","0","0","2023-10-12 11:26:46","2023-10-12 11:26:46","0000-00-00 00:00:00"),
("119","2","10","XII RPL","","0","0","2023-10-12 11:26:46","2023-10-12 11:26:46","0000-00-00 00:00:00"),
("120","3","10","XII RPL","","0","0","2023-10-12 11:26:46","2023-10-12 11:26:46","0000-00-00 00:00:00"),
("121","4","10","XII RPL","","0","0","2023-10-12 11:26:46","2023-10-12 11:26:46","0000-00-00 00:00:00"),
("122","5","10","XII RPL","","0","0","2023-10-12 11:26:46","2023-10-12 11:26:46","0000-00-00 00:00:00"),
("123","6","10","XII RPL","","0","0","2023-10-12 11:26:46","2023-10-12 11:26:46","0000-00-00 00:00:00"),
("124","7","10","XII RPL","","0","0","2023-10-12 11:26:46","2023-10-12 11:26:46","0000-00-00 00:00:00"),
("125","8","10","XII RPL","","0","0","2023-10-12 11:26:46","2023-10-12 11:26:46","0000-00-00 00:00:00"),
("126","9","10","XII RPL","","0","0","2023-10-12 11:26:46","2023-10-12 11:26:46","0000-00-00 00:00:00"),
("127","10","10","XII RPL","","0","0","2023-10-12 11:26:46","2023-10-12 11:26:46","0000-00-00 00:00:00"),
("128","11","10","XII RPL","","0","0","2023-10-12 11:26:46","2023-10-12 11:26:46","0000-00-00 00:00:00"),
("129","12","10","XII RPL","","0","0","2023-10-12 11:26:46","2023-10-12 11:26:46","0000-00-00 00:00:00"),
("130","13","10","XII RPL","","0","0","2023-10-12 11:26:46","2023-10-12 11:26:46","0000-00-00 00:00:00"),
("131","1","11","XII RPL","","0","0","2023-10-12 11:26:46","2023-10-12 11:26:46","0000-00-00 00:00:00"),
("132","2","11","XII RPL","","0","0","2023-10-12 11:26:46","2023-10-12 11:26:46","0000-00-00 00:00:00"),
("133","3","11","XII RPL","","0","0","2023-10-12 11:26:46","2023-10-12 11:26:46","0000-00-00 00:00:00"),
("134","4","11","XII RPL","","0","0","2023-10-12 11:26:46","2023-10-12 11:26:46","0000-00-00 00:00:00"),
("135","5","11","XII RPL","","0","0","2023-10-12 11:26:46","2023-10-12 11:26:46","0000-00-00 00:00:00"),
("136","6","11","XII RPL","","0","0","2023-10-12 11:26:47","2023-10-12 11:26:47","0000-00-00 00:00:00"),
("137","7","11","XII RPL","","0","0","2023-10-12 11:26:47","2023-10-12 11:26:47","0000-00-00 00:00:00"),
("138","8","11","XII RPL","","0","0","2023-10-12 11:26:47","2023-10-12 11:26:47","0000-00-00 00:00:00"),
("139","9","11","XII RPL","","0","0","2023-10-12 11:26:47","2023-10-12 11:26:47","0000-00-00 00:00:00"),
("140","10","11","XII RPL","","0","0","2023-10-12 11:26:47","2023-10-12 11:26:47","0000-00-00 00:00:00"),
("141","11","11","XII RPL","","0","0","2023-10-12 11:26:47","2023-10-12 11:26:47","0000-00-00 00:00:00"),
("142","12","11","XII RPL","","0","0","2023-10-12 11:26:47","2023-10-12 11:26:47","0000-00-00 00:00:00"),
("143","13","11","XII RPL","","0","0","2023-10-12 11:26:47","2023-10-12 11:26:47","0000-00-00 00:00:00"),
("144","1","12","XII RPL","","0","0","2023-10-12 11:26:47","2023-10-12 11:26:47","0000-00-00 00:00:00"),
("145","2","12","XII RPL","","0","0","2023-10-12 11:26:47","2023-10-12 11:26:47","0000-00-00 00:00:00"),
("146","3","12","XII RPL","","0","0","2023-10-12 11:26:47","2023-10-12 11:26:47","0000-00-00 00:00:00"),
("147","4","12","XII RPL","","0","0","2023-10-12 11:26:47","2023-10-12 11:26:47","0000-00-00 00:00:00"),
("148","5","12","XII RPL","","0","0","2023-10-12 11:26:47","2023-10-12 11:26:47","0000-00-00 00:00:00"),
("149","6","12","XII RPL","","0","0","2023-10-12 11:26:47","2023-10-12 11:26:47","0000-00-00 00:00:00"),
("150","7","12","XII RPL","","0","0","2023-10-12 11:26:47","2023-10-12 11:26:47","0000-00-00 00:00:00"),
("151","8","12","XII RPL","","0","0","2023-10-12 11:26:47","2023-10-12 11:26:47","0000-00-00 00:00:00"),
("152","9","12","XII RPL","","0","0","2023-10-12 11:26:47","2023-10-12 11:26:47","0000-00-00 00:00:00"),
("153","10","12","XII RPL","","0","0","2023-10-12 11:26:47","2023-10-12 11:26:47","0000-00-00 00:00:00"),
("154","11","12","XII RPL","","0","0","2023-10-12 11:26:47","2023-10-12 11:26:47","0000-00-00 00:00:00"),
("155","12","12","XII RPL","","0","0","2023-10-12 11:26:47","2023-10-12 11:26:47","0000-00-00 00:00:00"),
("156","13","12","XII RPL","","0","0","2023-10-12 11:26:48","2023-10-12 11:26:48","0000-00-00 00:00:00"),
("157","1","13","XII RPL","","0","0","2023-10-12 11:26:48","2023-10-12 11:26:48","0000-00-00 00:00:00"),
("158","2","13","XII RPL","","0","0","2023-10-12 11:26:48","2023-10-12 11:26:48","0000-00-00 00:00:00"),
("159","3","13","XII RPL","","0","0","2023-10-12 11:26:48","2023-10-12 11:26:48","0000-00-00 00:00:00"),
("160","4","13","XII RPL","","0","0","2023-10-12 11:26:48","2023-10-12 11:26:48","0000-00-00 00:00:00"),
("161","5","13","XII RPL","","0","0","2023-10-12 11:26:48","2023-10-12 11:26:48","0000-00-00 00:00:00"),
("162","6","13","XII RPL","","0","0","2023-10-12 11:26:48","2023-10-12 11:26:48","0000-00-00 00:00:00"),
("163","7","13","XII RPL","","0","0","2023-10-12 11:26:48","2023-10-12 11:26:48","0000-00-00 00:00:00"),
("164","8","13","XII RPL","","0","0","2023-10-12 11:26:48","2023-10-12 11:26:48","0000-00-00 00:00:00"),
("165","9","13","XII RPL","","0","0","2023-10-12 11:26:48","2023-10-12 11:26:48","0000-00-00 00:00:00"),
("166","10","13","XII RPL","","0","0","2023-10-12 11:26:48","2023-10-12 11:26:48","0000-00-00 00:00:00"),
("167","11","13","XII RPL","","0","0","2023-10-12 11:26:48","2023-10-12 11:26:48","0000-00-00 00:00:00"),
("168","12","13","XII RPL","","0","0","2023-10-12 11:26:48","2023-10-12 11:26:48","0000-00-00 00:00:00"),
("169","13","13","XII RPL","","0","0","2023-10-12 11:26:48","2023-10-12 11:26:48","0000-00-00 00:00:00"),
("170","1","14","XII RPL","","0","0","2023-10-12 11:26:48","2023-10-12 11:26:48","0000-00-00 00:00:00"),
("171","2","14","XII RPL","","0","0","2023-10-12 11:26:48","2023-10-12 11:26:48","0000-00-00 00:00:00"),
("172","3","14","XII RPL","","0","0","2023-10-12 11:26:48","2023-10-12 11:26:48","0000-00-00 00:00:00"),
("173","4","14","XII RPL","","0","0","2023-10-12 11:26:48","2023-10-12 11:26:48","0000-00-00 00:00:00"),
("174","5","14","XII RPL","","0","0","2023-10-12 11:26:48","2023-10-12 11:26:48","0000-00-00 00:00:00"),
("175","6","14","XII RPL","","0","0","2023-10-12 11:26:48","2023-10-12 11:26:48","0000-00-00 00:00:00"),
("176","7","14","XII RPL","","0","0","2023-10-12 11:26:48","2023-10-12 11:26:48","0000-00-00 00:00:00"),
("177","8","14","XII RPL","","0","0","2023-10-12 11:26:48","2023-10-12 11:26:48","0000-00-00 00:00:00"),
("178","9","14","XII RPL","","0","0","2023-10-12 11:26:49","2023-10-12 11:26:49","0000-00-00 00:00:00"),
("179","10","14","XII RPL","","0","0","2023-10-12 11:26:49","2023-10-12 11:26:49","0000-00-00 00:00:00"),
("180","11","14","XII RPL","","0","0","2023-10-12 11:26:49","2023-10-12 11:26:49","0000-00-00 00:00:00"),
("181","12","14","XII RPL","","0","0","2023-10-12 11:26:49","2023-10-12 11:26:49","0000-00-00 00:00:00"),
("182","13","14","XII RPL","","0","0","2023-10-12 11:26:49","2023-10-12 11:26:49","0000-00-00 00:00:00"),
("183","1","15","XII RPL","","0","446000","2023-10-12 11:26:49","2023-10-12 11:26:49","0000-00-00 00:00:00"),
("184","2","15","XII RPL","","0","446000","2023-10-12 11:26:49","2023-10-12 11:26:49","0000-00-00 00:00:00"),
("185","3","15","XII RPL","","0","446000","2023-10-12 11:26:49","2023-10-12 11:26:49","0000-00-00 00:00:00"),
("186","4","15","XII RPL","","0","2500000","2023-10-12 11:26:49","2023-10-12 11:26:49","0000-00-00 00:00:00"),
("187","5","15","XII RPL","","0","446000","2023-10-12 11:26:49","2023-10-12 11:26:49","0000-00-00 00:00:00"),
("188","6","15","XII RPL","","0","446000","2023-10-12 11:26:49","2023-10-12 11:26:49","0000-00-00 00:00:00"),
("189","7","15","XII RPL","","0","446000","2023-10-12 11:26:49","2023-10-12 11:26:49","0000-00-00 00:00:00"),
("190","8","15","XII RPL","","0","446000","2023-10-12 11:26:49","2023-10-12 11:26:49","0000-00-00 00:00:00"),
("191","9","15","XII RPL","","0","446000","2023-10-12 11:26:49","2023-10-12 11:26:49","0000-00-00 00:00:00"),
("192","10","15","XII RPL","","0","32000","2023-10-12 11:26:49","2023-10-12 11:26:49","0000-00-00 00:00:00"),
("193","11","15","XII RPL","","0","0","2023-10-12 11:26:49","2023-10-12 11:26:49","0000-00-00 00:00:00"),
("194","12","15","XII RPL","","0","0","2023-10-12 11:26:49","2023-10-12 11:26:49","0000-00-00 00:00:00"),
("195","13","15","XII RPL","","0","0","2023-10-12 11:26:49","2023-10-12 11:26:49","0000-00-00 00:00:00"),
("196","1","16","XII RPL","","0","446000","2023-10-12 11:26:49","2023-10-12 11:26:49","0000-00-00 00:00:00"),
("197","2","16","XII RPL","","0","446000","2023-10-12 11:26:49","2023-10-12 11:26:49","0000-00-00 00:00:00"),
("198","3","16","XII RPL","","0","446000","2023-10-12 11:26:49","2023-10-12 11:26:49","0000-00-00 00:00:00"),
("199","4","16","XII RPL","","0","1608000","2023-10-12 11:26:49","2023-10-12 11:26:49","0000-00-00 00:00:00"),
("200","5","16","XII RPL","","0","0","2023-10-12 11:26:49","2023-10-12 11:26:49","0000-00-00 00:00:00");
INSERT INTO tagihan VALUES
("201","6","16","XII RPL","","0","0","2023-10-12 11:26:49","2023-10-12 11:26:49","0000-00-00 00:00:00"),
("202","7","16","XII RPL","","0","0","2023-10-12 11:26:49","2023-10-12 11:26:49","0000-00-00 00:00:00"),
("203","8","16","XII RPL","","0","0","2023-10-12 11:26:49","2023-10-12 11:26:49","0000-00-00 00:00:00"),
("204","9","16","XII RPL","","0","0","2023-10-12 11:26:49","2023-10-12 11:26:49","0000-00-00 00:00:00"),
("205","10","16","XII RPL","","0","0","2023-10-12 11:26:49","2023-10-12 11:26:49","0000-00-00 00:00:00"),
("206","11","16","XII RPL","","0","0","2023-10-12 11:26:49","2023-10-12 11:26:49","0000-00-00 00:00:00"),
("207","12","16","XII RPL","","0","0","2023-10-12 11:26:50","2023-10-12 11:26:50","0000-00-00 00:00:00"),
("208","13","16","XII RPL","","0","0","2023-10-12 11:26:50","2023-10-12 11:26:50","0000-00-00 00:00:00"),
("209","1","17","XII RPL","","0","446000","2023-10-12 11:26:50","2023-10-12 11:26:50","0000-00-00 00:00:00"),
("210","2","17","XII RPL","","0","446000","2023-10-12 11:26:50","2023-10-12 11:26:50","0000-00-00 00:00:00"),
("211","3","17","XII RPL","","0","446000","2023-10-12 11:26:50","2023-10-12 11:26:50","0000-00-00 00:00:00"),
("212","4","17","XII RPL","","0","2500000","2023-10-12 11:26:50","2023-10-12 11:26:50","0000-00-00 00:00:00"),
("213","5","17","XII RPL","","0","446000","2023-10-12 11:26:50","2023-10-12 11:26:50","0000-00-00 00:00:00"),
("214","6","17","XII RPL","","0","446000","2023-10-12 11:26:50","2023-10-12 11:26:50","0000-00-00 00:00:00"),
("215","7","17","XII RPL","","0","370000","2023-10-12 11:26:50","2023-10-12 11:26:50","0000-00-00 00:00:00"),
("216","8","17","XII RPL","","0","0","2023-10-12 11:26:50","2023-10-12 11:26:50","0000-00-00 00:00:00"),
("217","9","17","XII RPL","","0","0","2023-10-12 11:26:50","2023-10-12 11:26:50","0000-00-00 00:00:00"),
("218","10","17","XII RPL","","0","0","2023-10-12 11:26:50","2023-10-12 11:26:50","0000-00-00 00:00:00"),
("219","11","17","XII RPL","","0","0","2023-10-12 11:26:50","2023-10-12 11:26:50","0000-00-00 00:00:00"),
("220","12","17","XII RPL","","0","0","2023-10-12 11:26:50","2023-10-12 11:26:50","0000-00-00 00:00:00"),
("221","13","17","XII RPL","","0","0","2023-10-12 11:26:50","2023-10-12 11:26:50","0000-00-00 00:00:00"),
("222","1","18","XII RPL","","0","446000","2023-10-12 11:26:50","2023-10-12 11:26:50","0000-00-00 00:00:00"),
("223","2","18","XII RPL","","0","446000","2023-10-12 11:26:50","2023-10-12 11:26:50","0000-00-00 00:00:00"),
("224","3","18","XII RPL","","0","108000","2023-10-12 11:26:50","2023-10-12 11:26:50","0000-00-00 00:00:00"),
("225","4","18","XII RPL","","0","0","2023-10-12 11:26:50","2023-10-12 11:26:50","0000-00-00 00:00:00"),
("226","5","18","XII RPL","","0","0","2023-10-12 11:26:50","2023-10-12 11:26:50","0000-00-00 00:00:00"),
("227","6","18","XII RPL","","0","0","2023-10-12 11:26:50","2023-10-12 11:26:50","0000-00-00 00:00:00"),
("228","7","18","XII RPL","","0","0","2023-10-12 11:26:50","2023-10-12 11:26:50","0000-00-00 00:00:00"),
("229","8","18","XII RPL","","0","0","2023-10-12 11:26:50","2023-10-12 11:26:50","0000-00-00 00:00:00"),
("230","9","18","XII RPL","","0","0","2023-10-12 11:26:50","2023-10-12 11:26:50","0000-00-00 00:00:00"),
("231","10","18","XII RPL","","0","0","2023-10-12 11:26:50","2023-10-12 11:26:50","0000-00-00 00:00:00"),
("232","11","18","XII RPL","","0","0","2023-10-12 11:26:51","2023-10-12 11:26:51","0000-00-00 00:00:00"),
("233","12","18","XII RPL","","0","0","2023-10-12 11:26:51","2023-10-12 11:26:51","0000-00-00 00:00:00"),
("234","13","18","XII RPL","","0","0","2023-10-12 11:26:51","2023-10-12 11:26:51","0000-00-00 00:00:00");

CREATE TABLE `user` (
  `id_user` int(10) NOT NULL AUTO_INCREMENT,
  `nama` varchar(200) NOT NULL,
  `username` varchar(200) NOT NULL,
  `password` varchar(200) NOT NULL,
  `hak_akses` int(1) NOT NULL,
  `dibuat_pada` datetime NOT NULL DEFAULT current_timestamp(),
  `diubah_pada` datetime NOT NULL DEFAULT current_timestamp(),
  `dihapus_pada` datetime DEFAULT NULL,
  PRIMARY KEY (`id_user`)
) ENGINE=InnoDB AUTO_INCREMENT=2 DEFAULT CHARSET=latin1 COLLATE=latin1_swedish_ci;

INSERT INTO user VALUES
("1","Zaid Assya Yudah","admin","12345","1","2023-08-31 08:47:29","2023-08-31 08:47:29","0000-00-00 00:00:00");